{"camera":{"far":100.0,"horizontalFOV":0.8575560450553894,"near":0.10000000149011612},"locationX":[{"bezierPoints":[[1.0,3.2364232540130615],[39.64604568481445,3.2364232540130615],[61.35395431518555,4.779385089874268],[100.0,4.779385089874268]],"range":[1.0,100.0]}],"locationY":[{"bezierPoints":[[1.0,-2.878267288208008],[39.6461067199707,-2.878267288208008],[61.3538932800293,-1.3445193767547607],[100.0,-1.3445193767547607]],"range":[1.0,100.0]}],"locationZ":[{"bezierPoints":[[1.0,1.8939651250839233],[39.65068435668945,1.8939651250839233],[61.34931564331055,2.0632951259613037],[100.0,2.0632951259613037]],"range":[1.0,100.0]}],"name":"Camera","range":[1.0,100.0],"rotationX":[{"bezierPoints":[[1.0,1.1093189716339111],[39.65073776245117,1.1093189716339111],[61.34926223754883,1.128154993057251],[100.0,1.128154993057251]],"range":[1.0,100.0]}],"rotationY":[{"bezierPoints":[[1.0,0.010816991329193115],[39.650733947753906,0.010816991329193115],[61.349266052246094,-0.04235008358955383],[100.0,-0.04235008358955383]],"range":[1.0,100.0]}],"rotationZ":[{"bezierPoints":[[1.0,0.8149281740188599],[39.650299072265625,0.8149281740188599],[61.349700927734375,1.2878676652908325],[100.0,1.2878676652908325]],"range":[1.0,100.0]}]}