{"camera":{"far":100.0,"horizontalFOV":0.8575560450553894,"near":0.10000000149011612},"locationX":11.351573944091797,"locationY":2.063842296600342,"locationZ":2.8170690536499023,"name":"Camera","range":[1.0,2.0],"rotationX":1.3896344900131226,"rotationY":0.024525858461856842,"rotationZ":1.6212646961212158}