{
    "camera": {
        "far": 100.0,
        "horizontalFOV": 0.6833110451698303,
        "near": 0.10000000149011612
    },
    "locationX": [
        {
            "bezierPoints": [
                [
                    0.9999988675117493,
                    19.921131134033203
                ],
                [
                    52.92094421386719,
                    19.921131134033203
                ],
                [
                    82.07720947265625,
                    18.315929412841797
                ],
                [
                    134.0,
                    18.315929412841797
                ]
            ],
            "range": [
                0.9999988675117493,
                134.0
            ]
        },
        {
            "bezierPoints": [
                [
                    134.0,
                    18.315929412841797
                ],
                [
                    174.60128784179688,
                    18.315929412841797
                ],
                [
                    203.33335876464844,
                    21.369243621826172
                ],
                [
                    238.0,
                    21.369243621826172
                ]
            ],
            "range": [
                134.0,
                238.0
            ]
        }
    ],
    "locationY": [
        {
            "bezierPoints": [
                [
                    0.9999988675117493,
                    17.970163345336914
                ],
                [
                    52.92061233520508,
                    17.970163345336914
                ],
                [
                    82.08103942871094,
                    19.6452693939209
                ],
                [
                    134.0,
                    19.6452693939209
                ]
            ],
            "range": [
                0.9999988675117493,
                134.0
            ]
        },
        {
            "bezierPoints": [
                [
                    134.0,
                    19.6452693939209
                ],
                [
                    174.59828186035156,
                    19.6452693939209
                ],
                [
                    203.33335876464844,
                    15.234457969665527
                ],
                [
                    238.0,
                    15.234457969665527
                ]
            ],
            "range": [
                134.0,
                238.0
            ]
        }
    ],
    "locationZ": [
        {
            "bezierPoints": [
                [
                    0.9999988675117493,
                    1.2984330654144287
                ],
                [
                    52.87594985961914,
                    1.2984330654144287
                ],
                [
                    82.0762939453125,
                    7.067359924316406
                ],
                [
                    134.0,
                    7.067359924316406
                ]
            ],
            "range": [
                0.9999988675117493,
                134.0
            ]
        },
        {
            "bezierPoints": [
                [
                    134.0,
                    7.067359924316406
                ],
                [
                    174.60198974609375,
                    7.067359924316406
                ],
                [
                    203.33335876464844,
                    1.247253656387329
                ],
                [
                    238.0,
                    1.247253656387329
                ]
            ],
            "range": [
                134.0,
                238.0
            ]
        }
    ],
    "name": "Camera",
    "range": [
        0.9999988675117493,
        238.0
    ],
    "rotationX": [
        {
            "bezierPoints": [
                [
                    0.9999988675117493,
                    -1.5134575366973877
                ],
                [
                    52.92384719848633,
                    -1.5134575366973877
                ],
                [
                    82.07637023925781,
                    -1.0731768608093262
                ],
                [
                    134.0,
                    -0.7352056503295898
                ]
            ],
            "range": [
                0.9999988675117493,
                134.0
            ]
        },
        {
            "bezierPoints": [
                [
                    134.0,
                    -0.7352056503295898
                ],
                [
                    174.60194396972656,
                    -0.4709274172782898
                ],
                [
                    203.33335876464844,
                    0.010109592229127884
                ],
                [
                    238.0,
                    0.010109592229127884
                ]
            ],
            "range": [
                134.0,
                238.0
            ]
        }
    ],
    "rotationY": [
        {
            "bezierPoints": [
                [
                    0.9999988675117493,
                    -0.2765261232852936
                ],
                [
                    52.924617767333984,
                    -0.2765261232852936
                ],
                [
                    82.07572937011719,
                    -0.33471739292144775
                ],
                [
                    134.0,
                    -0.5534452795982361
                ]
            ],
            "range": [
                0.9999988675117493,
                134.0
            ]
        },
        {
            "bezierPoints": [
                [
                    134.0,
                    -0.5534452795982361
                ],
                [
                    174.60243225097656,
                    -0.7244806289672852
                ],
                [
                    203.33335876464844,
                    -1.2130944728851318
                ],
                [
                    238.0,
                    -1.2130944728851318
                ]
            ],
            "range": [
                134.0,
                238.0
            ]
        }
    ],
    "rotationZ": [
        {
            "bezierPoints": [
                [
                    0.9999988675117493,
                    -0.20671400427818298
                ],
                [
                    52.92472457885742,
                    -0.20671400427818298
                ],
                [
                    82.07528686523438,
                    -0.17689356207847595
                ],
                [
                    134.0,
                    -0.13072581589221954
                ]
            ],
            "range": [
                0.9999988675117493,
                134.0
            ]
        },
        {
            "bezierPoints": [
                [
                    134.0,
                    -0.13072581589221954
                ],
                [
                    174.602783203125,
                    -0.09462471306324005
                ],
                [
                    203.33335876464844,
                    -0.005206364206969738
                ],
                [
                    238.0,
                    -0.005206364206969738
                ]
            ],
            "range": [
                134.0,
                238.0
            ]
        }
    ]
}